income,n,prop
0,22654,0.7510775147536636
1,7508,0.24892248524633645
